{
  "timestamp": "20251026_150544",
  "num_investors": 46,
  "date_range": {
    "start": "July 2025",
    "end": "October 2025"
  },
  "summary": {
    "investor_returns": {
      "ARUNABEN DEEPAKBHAI SHAH": 10.138798326539721,
      "AMRISH PRAVINCHANDRA SHAH": -2.559770940512107,
      "ABHRADEEP DAS": 3.5219141323792558,
      "ANJANA GIRISH SHAH": -3.16543576970455,
      "ALPESHKUMAR H SHAH": -6.299469828447723,
      "AXAY MAHENDRA PATEL": 1.1161217868087103,
      "BABUBHAI GANESHBHAI SUTHAR": -17.19801946824876,
      "BABULAL CHIMANLAL SHAH": -0.46787162060070164,
      "BANDISH S SOPARKAR": -4.6455368679108595,
      "DARSHAK RAMESHBHAI THAKKAR": 3.884584313202266,
      "EKTA JIGAR GOHIL": -6.908215704715492,
      "HARSHADKUMAR DALICHAND SHAH": -1.6375042570016762,
      "HEMANTIKABEN RAJENDRA PATEL": -6.555462266177303,
      "HEMANTKUMAR CHHABILDAS PATEL": 13.107201789376477,
      "RAMESHKUMAR BABULAL SONI": -2.7711939922643203,
      "JIGAR GIRISHBHAI SHAH": -0.05320862486942746,
      "JAYNAM DHULABHAI BHOJAK": 1.0951049810232538,
      "JAYABEN RAMNIKBHAI PATEL": -0.6495869144792721,
      "JILLOO KAVINA": -2.3035028508751276,
      "JYOTI LALCHAND CHAWLA": -1.7776855746313602,
      "KETAKI BANKIM SHAH": 4.709582528260703,
      "KANTABEN GUNVANTBHAI SUTARIYA": -2.268614106204303,
      "KAMLESH VASUDEV PANDYA": -4.0125797103274135,
      "KOKILA SURYAKANT LAHERI": -5.388256823758308,
      "KETANGIRI AMARGIRI GOSWAMI": 0.27495791413949533,
      "KANUBHAI ISHWERLAL SONI": 3.89773387005512,
      "LATA KETAN TRIVEDI": -2.6959223840367863,
      "MINESH JAYANTIBHAI PATEL": -4.052987183322543,
      "MAYURI NATWARLAL SHAH": -3.967122264676315,
      "MITESH SEVANTILAL PARIKH": -3.5131947999017865,
      "MEENA HARESH JAIN": -3.390949059186421,
      "MANOJKUMAR DHIRUBHAI PATEL": -3.6689228005903796,
      "NIRAVBHAI DIPAKKUMAR SHAH": -14.196080737989636,
      "NILOO DURGESHBHAI PATEL": 2.070415525539837,
      "PRASHANT SAFI": -2.0258817768264437,
      "SURESHBHAI MANEKLAL PATEL": -1.7251993740356353,
      "SUNITA YOGESH CHAUMAL": -6.0712814467378635,
      "SAROJ NAVINPRAKASH SONI": 1.088192906757457,
      "SURESHKUMAR N KOTADIA HUF": -1.0683768135336114,
      "TRUPTI NIGESHBHAI JHAVERI": -0.8292404542201703,
      "TULSIBEN MOHANLAL PARMAR": 2.7575327327376664,
      "VINODCHANDRA CHANDRAKANT GANDHI": 5.376644541343523,
      "VEENABEN R SHAH": 4.777879483627312,
      "VIRAT MOHANLAL VORA": 1.217260386826946,
      "YOGESHBHAI DAYABHAI PATEL": -3.9089033928748296,
      "GUNVANT KANTILAL PATEL": -1.2326768680924638
    },
    "average_return": -1.347276727350779,
    "nifty_return": 1.0898579610906678,
    "multi_cap_return": -0.14909564423881694,
    "mid_small_return": -8.53864962097669
  }
}