{
  "timestamp": "20251024_141935",
  "num_investors": 46,
  "date_range": {
    "start": "April 2024",
    "end": "October 2025"
  },
  "summary": {
    "investor_returns": {
      "ARUNABEN DEEPAKBHAI SHAH": 26.699676463398127,
      "AMRISH PRAVINCHANDRA SHAH": -10.5190521640663,
      "ABHRADEEP DAS": 99.78096860550012,
      "ANJANA GIRISH SHAH": -2.533901944679362,
      "ALPESHKUMAR H SHAH": 5.812297597872562,
      "AXAY MAHENDRA PATEL": 1.9823810144896648,
      "BABUBHAI GANESHBHAI SUTHAR": -23.96249941827271,
      "BABULAL CHIMANLAL SHAH": 51.57866736480978,
      "BANDISH S SOPARKAR": -9.008574522614843,
      "DARSHAK RAMESHBHAI THAKKAR": 0.9352491908506844,
      "EKTA JIGAR GOHIL": -7.041791981801793,
      "HARSHADKUMAR DALICHAND SHAH": 23.483328596785924,
      "HEMANTIKABEN RAJENDRA PATEL": -7.613024247491995,
      "HEMANTKUMAR CHHABILDAS PATEL": 13.063369812175086,
      "RAMESHKUMAR BABULAL SONI": 1.4477975754329409,
      "JIGAR GIRISHBHAI SHAH": -10.558843996146305,
      "JAYNAM DHULABHAI BHOJAK": -1.0809355495498663,
      "JAYABEN RAMNIKBHAI PATEL": 10.207458606835939,
      "JILLOO KAVINA": 5.830270068547283,
      "JYOTI LALCHAND CHAWLA": 15.343728132697487,
      "KETAKI BANKIM SHAH": -6.582004055293689,
      "KANTABEN GUNVANTBHAI SUTARIYA": 1.0917431220451856,
      "KAMLESH VASUDEV PANDYA": -8.526551092134904,
      "KOKILA SURYAKANT LAHERI": 5.127861866402772,
      "KETANGIRI AMARGIRI GOSWAMI": 4.812511266417907,
      "KANUBHAI ISHWERLAL SONI": 83.97016623064306,
      "LATA KETAN TRIVEDI": -7.354810694038482,
      "MINESH JAYANTIBHAI PATEL": -18.452035481520678,
      "MAYURI NATWARLAL SHAH": -0.772016378222784,
      "MITESH SEVANTILAL PARIKH": -1.3639767957222437,
      "MEENA HARESH JAIN": -6.26553973716939,
      "MANOJKUMAR DHIRUBHAI PATEL": -6.991842598830134,
      "NIRAVBHAI DIPAKKUMAR SHAH": 23.069966497106464,
      "NILOO DURGESHBHAI PATEL": 3.766715604571136,
      "PRASHANT SAFI": -8.423697420292653,
      "SURESHBHAI MANEKLAL PATEL": 2.294902299883539,
      "SUNITA YOGESH CHAUMAL": -1.5585896332443783,
      "SAROJ NAVINPRAKASH SONI": 3.5793834044027806,
      "SURESHKUMAR N KOTADIA HUF": -0.4291698522963183,
      "TRUPTI NIGESHBHAI JHAVERI": -0.6264153057320421,
      "TULSIBEN MOHANLAL PARMAR": 26.874358462420965,
      "VINODCHANDRA CHANDRAKANT GANDHI": 13.90017210062895,
      "VEENABEN R SHAH": 7.076851527359618,
      "VIRAT MOHANLAL VORA": 4.160996722296195,
      "YOGESHBHAI DAYABHAI PATEL": 1.0326073466825125,
      "GUNVANT KANTILAL PATEL": -6.172947482197577
    },
    "average_return": 6.327939328889963,
    "nifty_return": 14.539140220101077,
    "multi_cap_return": 5.467904377622501,
    "mid_small_return": -9.808656412122197
  }
}