{
  "timestamp": "20251024_145256",
  "num_investors": 46,
  "date_range": {
    "start": "July 2024",
    "end": "October 2025"
  },
  "summary": {
    "investor_returns": {
      "ARUNABEN DEEPAKBHAI SHAH": 30.194437387396867,
      "AMRISH PRAVINCHANDRA SHAH": -10.602413432680935,
      "ABHRADEEP DAS": 135.964225144214,
      "ANJANA GIRISH SHAH": -5.599382992104629,
      "ALPESHKUMAR H SHAH": 2.6017737491199844,
      "AXAY MAHENDRA PATEL": 0.7071694865795841,
      "BABUBHAI GANESHBHAI SUTHAR": -32.94828117573143,
      "BABULAL CHIMANLAL SHAH": 44.66812179669761,
      "BANDISH S SOPARKAR": -15.812898337109871,
      "DARSHAK RAMESHBHAI THAKKAR": -12.194461908626408,
      "EKTA JIGAR GOHIL": -14.345292275588228,
      "HARSHADKUMAR DALICHAND SHAH": 14.984856104767363,
      "HEMANTIKABEN RAJENDRA PATEL": -5.894101075797953,
      "HEMANTKUMAR CHHABILDAS PATEL": 5.409573543478063,
      "RAMESHKUMAR BABULAL SONI": -3.065116299385151,
      "JIGAR GIRISHBHAI SHAH": -9.267029031522911,
      "JAYNAM DHULABHAI BHOJAK": -1.7899727233245954,
      "JAYABEN RAMNIKBHAI PATEL": 4.140728873065869,
      "JILLOO KAVINA": -0.025692982144642773,
      "JYOTI LALCHAND CHAWLA": 2.288443411196983,
      "KETAKI BANKIM SHAH": -11.063659829414107,
      "KANTABEN GUNVANTBHAI SUTARIYA": -5.153304402014792,
      "KAMLESH VASUDEV PANDYA": -14.592511043602297,
      "KOKILA SURYAKANT LAHERI": 3.46027029181617,
      "KETANGIRI AMARGIRI GOSWAMI": 4.440690398091296,
      "KANUBHAI ISHWERLAL SONI": 24.56593147941937,
      "LATA KETAN TRIVEDI": -8.287084761232322,
      "MINESH JAYANTIBHAI PATEL": -24.743922909834883,
      "MAYURI NATWARLAL SHAH": -0.10624648191694952,
      "MITESH SEVANTILAL PARIKH": -4.509116593365647,
      "MEENA HARESH JAIN": -7.421532083899907,
      "MANOJKUMAR DHIRUBHAI PATEL": -8.114189158249907,
      "NIRAVBHAI DIPAKKUMAR SHAH": 21.997210982357295,
      "NILOO DURGESHBHAI PATEL": -1.0901806885745824,
      "PRASHANT SAFI": -9.290065151847015,
      "SURESHBHAI MANEKLAL PATEL": -3.090491835180753,
      "SUNITA YOGESH CHAUMAL": -4.017169598234238,
      "SAROJ NAVINPRAKASH SONI": -0.5819820789584318,
      "SURESHKUMAR N KOTADIA HUF": -4.4293494610397115,
      "TRUPTI NIGESHBHAI JHAVERI": -1.5146280196641881,
      "TULSIBEN MOHANLAL PARMAR": 6.82115445848106,
      "VINODCHANDRA CHANDRAKANT GANDHI": 4.253112916730517,
      "VEENABEN R SHAH": -2.962859561650766,
      "VIRAT MOHANLAL VORA": -0.9763913676492764,
      "YOGESHBHAI DAYABHAI PATEL": -2.396500424631831,
      "GUNVANT KANTILAL PATEL": -6.906284131510487
    },
    "average_return": 1.6022953958026782,
    "nifty_return": 7.833210381450195,
    "multi_cap_return": -1.78380554360974,
    "mid_small_return": -17.88197430923174
  }
}